TOPIC,TONE,O_Enjoyment,O_Initial_Creativity,R_Emotion,A_Topic,N_Vocab,N_Plot,N_Surprise,R_Empathy,R_Thought,V_Engagement,V_Style,V_Logic,A_Tone,O_Final_Creativity,Duration (in seconds),English_First,STEM_Field,Age_Group
An advanced AI initiates its own permanent shutdown sequence,Melancholic,6,7,6,7,5,6,5,6,5,5,4,6,6,6,180,1,1,3
A lone worker in a Japanese convenience store at 3:00 AM. The city is silent.,Witty,6,6,5,6,6,5,5,6,5,6,6,6,6,6,212,1,2,5
A professional thief attempting to crack a high-security safe in a dark room. High tension.,Melancholic,3,5,6,6,2,2,2,5,4,5,3,6,6,5,189,1,1,3
A professional thief attempting to crack a high-security safe in a dark room. High tension.,Witty,7,6,5,5,6,6,4,4,5,6,6,6,6,5,272,1,1,2
A lone worker in a Japanese convenience store at 3:00 AM. The city is silent.,Melancholic,6,6,6,6,7,3,2,6,5,7,7,6,6,6,259,1,2,3
A professional thief attempting to crack a high-security safe in a dark room. High tension.,Clinical,2,2,5,6,5,4,2,1,2,2,4,6,6,2,232,1,1,4
A professional thief attempting to crack a high-security safe in a dark room. High tension.,Surreal,3,4,3,6,6,5,4,2,4,3,2,5,6,6,412,1,1,2
A lone worker in a Japanese convenience store at 3:00 AM. The city is silent.,Clinical,6,6,4,6,6,7,1,6,4,6,4,6,6,6,353,1,2,3
A lone worker in a Japanese convenience store at 3:00 AM. The city is silent.,Witty,7,7,7,7,7,7,4,7,4,7,7,7,7,7,164,1,2,3
An advanced AI initiates its own permanent shutdown sequence,Surreal,5,7,6,5,7,5,2,3,6,3,2,5,4,6,200,1,1,2
A professional thief attempting to crack a high-security safe in a dark room. High tension.,Surreal,6,7,5,5,6,6,6,6,5,6,6,6,6,7,455,1,1,3
A professional thief attempting to crack a high-security safe in a dark room. High tension.,Witty,6,5,4,5,6,6,4,2,4,6,5,5,6,5,301,1,1,3
An advanced AI initiates its own permanent shutdown sequence,Witty,7,7,6,6,6,6,6,6,7,7,6,6,6,7,153,1,1,3
A lone worker in a Japanese convenience store at 3:00 AM. The city is silent.,Melancholic,6,7,6,3,5,5,3,6,5,6,5,6,6,7,337,1,2,4
A professional thief attempting to crack a high-security safe in a dark room. High tension.,Melancholic,7,7,7,6,7,6,5,6,6,7,7,6,6,7,289,1,2,4
A professional thief attempting to crack a high-security safe in a dark room. High tension.,Clinical,5,6,5,7,6,5,2,1,5,3,5,2,7,6,352,1,2,4
A professional thief attempting to crack a high-security safe in a dark room. High tension.,Clinical,4,3,5,6,6,7,5,4,6,6,6,6,6,5,499,1,1,3
A professional thief attempting to crack a high-security safe in a dark room. High tension.,Surreal,5,7,5,6,7,5,7,5,6,6,5,6,5,6,301,1,2,5
An advanced AI initiates its own permanent shutdown sequence,Melancholic,6,6,6,7,6,5,3,6,6,6,5,7,6,6,227,1,2,4
An advanced AI initiates its own permanent shutdown sequence,Surreal,2,4,5,4,7,3,3,3,4,2,2,4,2,4,403,1,2,4
An advanced AI initiates its own permanent shutdown sequence,Witty,2,2,2,5,3,3,2,2,2,2,2,6,2,2,155,1,1,3
A professional thief attempting to crack a high-security safe in a dark room. High tension.,Melancholic,7,7,4,6,6,5,4,5,5,5,4,6,5,6,364,1,1,2
A lone worker in a Japanese convenience store at 3:00 AM. The city is silent.,Clinical,7,7,6,7,6,6,6,7,6,7,6,7,7,7,574,1,2,3
A lone worker in a Japanese convenience store at 3:00 AM. The city is silent.,Melancholic,5,6,6,6,6,4,2,5,6,5,4,7,6,6,300,1,2,3
A professional thief attempting to crack a high-security safe in a dark room. High tension.,Witty,7,7,6,6,5,7,6,3,5,7,6,6,6,6,175,1,2,4
A lone worker in a Japanese convenience store at 3:00 AM. The city is silent.,Surreal,6,6,6,2,7,7,3,6,7,7,7,2,6,7,619,1,1,3
A lone worker in a Japanese convenience store at 3:00 AM. The city is silent.,Surreal,2,6,2,1,5,6,6,1,4,2,3,4,6,5,216,1,2,5
A lone worker in a Japanese convenience store at 3:00 AM. The city is silent.,Clinical,1,1,4,3,3,2,5,2,2,2,2,2,2,2,135,1,2,4
A lone worker in a Japanese convenience store at 3:00 AM. The city is silent.,Witty,7,7,7,6,7,7,7,6,7,7,7,6,7,7,173,1,2,5
An advanced AI initiates its own permanent shutdown sequence,Witty,3,2,5,6,3,2,1,2,2,1,1,4,5,2,185,1,1,4
An advanced AI initiates its own permanent shutdown sequence,Clinical,2,2,2,7,7,4,2,2,2,2,1,7,7,2,310,1,2,4
A lone worker in a Japanese convenience store at 3:00 AM. The city is silent.,Melancholic,5,6,5,6,6,5,4,6,5,6,5,7,6,6,121,1,1,3
An advanced AI initiates its own permanent shutdown sequence,Surreal,3,6,3,6,7,6,4,3,4,2,3,5,6,6,178,1,2,5
An advanced AI initiates its own permanent shutdown sequence,Melancholic,7,7,6,7,7,6,5,6,7,7,7,7,7,7,361,1,2,5
A professional thief attempting to crack a high-security safe in a dark room. High tension.,Clinical,1,1,2,6,4,2,2,2,2,2,1,1,1,2,439,1,1,3
A professional thief attempting to crack a high-security safe in a dark room. High tension.,Surreal,5,6,5,6,6,6,5,3,4,6,5,5,6,7,603,1,2,4
A professional thief attempting to crack a high-security safe in a dark room. High tension.,Surreal,5,6,6,5,6,5,6,3,6,5,5,5,6,6,237,1,2,5
A professional thief attempting to crack a high-security safe in a dark room. High tension.,Witty,5,5,5,5,4,3,2,4,3,4,4,6,5,5,142,1,1,4
A professional thief attempting to crack a high-security safe in a dark room. High tension.,Melancholic,7,7,7,7,7,7,5,6,7,7,7,5,6,7,253,1,2,5
A lone worker in a Japanese convenience store at 3:00 AM. The city is silent.,Surreal,3,4,3,5,5,5,4,2,3,3,3,4,5,5,254,1,2,5
A professional thief attempting to crack a high-security safe in a dark room. High tension.,Melancholic,6,6,7,7,6,5,1,5,5,6,6,7,7,6,704,1,2,3
A lone worker in a Japanese convenience store at 3:00 AM. The city is silent.,Melancholic,5,5,6,7,5,4,2,5,4,5,4,6,6,5,185,1,2,3
An advanced AI initiates its own permanent shutdown sequence,Surreal,5,7,3,5,7,5,7,7,6,7,6,7,7,6,299,1,1,3
An advanced AI initiates its own permanent shutdown sequence,Melancholic,6,6,6,7,6,5,5,6,6,6,6,7,7,6,328,1,2,3
A professional thief attempting to crack a high-security safe in a dark room. High tension.,Clinical,5,6,3,7,6,5,3,5,5,5,4,6,7,6,209,1,2,4
A lone worker in a Japanese convenience store at 3:00 AM. The city is silent.,Witty,6,6,3,4,5,5,5,7,6,6,5,6,6,6,197,1,2,4
An advanced AI initiates its own permanent shutdown sequence,Clinical,2,3,2,6,6,4,2,1,1,1,1,6,5,3,393,1,2,3
A professional thief attempting to crack a high-security safe in a dark room. High tension.,Witty,2,6,6,5,6,2,3,2,2,2,2,6,6,6,1158,1,2,4
An advanced AI initiates its own permanent shutdown sequence,Surreal,5,6,6,6,2,6,2,2,6,6,3,6,5,6,137,1,2,3
A professional thief attempting to crack a high-security safe in a dark room. High tension.,Witty,6,6,6,7,6,6,5,5,6,6,6,7,6,6,358,1,2,3
A lone worker in a Japanese convenience store at 3:00 AM. The city is silent.,Clinical,5,5,4,5,5,5,5,5,4,4,5,4,4,6,1019,1,1,2
A lone worker in a Japanese convenience store at 3:00 AM. The city is silent.,Witty,3,5,5,2,5,6,6,3,5,4,3,5,5,5,325,1,2,4
An advanced AI initiates its own permanent shutdown sequence,Witty,5,5,5,5,5,5,3,5,5,2,2,2,6,5,502,1,1,4
A professional thief attempting to crack a high-security safe in a dark room. High tension.,Surreal,6,7,6,5,7,7,7,3,5,6,6,6,7,7,359,1,2,4
A professional thief attempting to crack a high-security safe in a dark room. High tension.,Clinical,3,6,5,7,6,5,2,1,2,2,1,6,7,6,230,1,2,4
A lone worker in a Japanese convenience store at 3:00 AM. The city is silent.,Melancholic,3,4,6,6,5,4,2,4,2,4,3,6,7,4,184,1,2,3
A professional thief attempting to crack a high-security safe in a dark room. High tension.,Witty,1,1,2,4,1,2,2,2,1,1,1,4,1,1,145,1,2,5
A professional thief attempting to crack a high-security safe in a dark room. High tension.,Surreal,1,5,1,2,1,1,1,1,2,1,1,5,3,2,156,1,2,4
A professional thief attempting to crack a high-security safe in a dark room. High tension.,Clinical,1,2,1,7,3,3,1,1,1,1,1,6,7,3,171,1,2,5
A lone worker in a Japanese convenience store at 3:00 AM. The city is silent.,Melancholic,3,4,3,6,5,3,3,4,3,2,4,5,5,3,188,1,2,2
An advanced AI initiates its own permanent shutdown sequence,Clinical,4,5,2,7,5,4,2,2,4,2,3,7,7,5,196,1,2,5
A professional thief attempting to crack a high-security safe in a dark room. High tension.,Melancholic,1,5,6,3,6,5,6,1,1,1,2,4,4,5,195,1,2,4
A professional thief attempting to crack a high-security safe in a dark room. High tension.,Melancholic,5,5,5,4,5,4,3,5,5,5,4,6,5,5,223,1,2,4
An advanced AI initiates its own permanent shutdown sequence,Clinical,5,5,6,6,5,5,2,2,6,5,3,7,5,5,276,1,2,5
A professional thief attempting to crack a high-security safe in a dark room. High tension.,Witty,5,4,2,6,3,3,2,4,5,4,3,6,6,3,251,1,1,4
A professional thief attempting to crack a high-security safe in a dark room. High tension.,Clinical,2,3,1,7,5,3,2,1,1,2,1,6,6,3,163,1,1,3
An advanced AI initiates its own permanent shutdown sequence,Surreal,2,6,5,4,5,4,2,2,5,2,3,4,5,5,285,1,2,4
A lone worker in a Japanese convenience store at 3:00 AM. The city is silent.,Surreal,3,5,5,6,7,6,6,5,5,4,3,3,6,5,302,1,2,3
An advanced AI initiates its own permanent shutdown sequence,Witty,1,6,6,3,5,6,2,1,5,2,3,5,3,5,268,1,2,4
A lone worker in a Japanese convenience store at 3:00 AM. The city is silent.,Witty,5,4,4,6,3,4,2,4,3,4,4,5,5,4,312,1,1,5
An advanced AI initiates its own permanent shutdown sequence,Clinical,2,5,1,7,5,2,1,1,1,2,2,6,7,6,196,1,1,3
An advanced AI initiates its own permanent shutdown sequence,Witty,1,3,6,5,5,7,5,1,5,1,1,2,5,5,367,1,2,4
A lone worker in a Japanese convenience store at 3:00 AM. The city is silent.,Melancholic,2,3,4,6,2,4,1,3,4,4,4,5,6,3,272,1,2,2
A lone worker in a Japanese convenience store at 3:00 AM. The city is silent.,Surreal,5,6,2,3,6,3,6,3,3,3,4,5,3,5,176,1,2,4
An advanced AI initiates its own permanent shutdown sequence,Surreal,4,6,6,3,7,7,4,4,5,5,6,4,7,6,198,1,1,3
A professional thief attempting to crack a high-security safe in a dark room. High tension.,Melancholic,7,7,7,6,7,6,5,6,6,6,7,6,6,7,430,1,2,4
A lone worker in a Japanese convenience store at 3:00 AM. The city is silent.,Witty,7,7,5,6,7,6,5,7,6,7,7,6,6,7,473,1,2,5
A professional thief attempting to crack a high-security safe in a dark room. High tension.,Surreal,7,7,6,7,7,7,7,6,7,7,7,7,7,7,568,1,1,4
A lone worker in a Japanese convenience store at 3:00 AM. The city is silent.,Surreal,3,3,2,6,3,3,6,1,2,2,2,2,6,2,573,1,1,3
An advanced AI initiates its own permanent shutdown sequence,Melancholic,3,6,4,6,6,5,4,1,4,4,4,5,4,6,650,1,2,5
An advanced AI initiates its own permanent shutdown sequence,Witty,6,6,6,7,5,6,4,5,5,6,5,7,7,6,304,1,2,3
A professional thief attempting to crack a high-security safe in a dark room. High tension.,Clinical,7,7,6,6,6,6,6,6,6,5,6,6,6,6,461,1,1,3
A professional thief attempting to crack a high-security safe in a dark room. High tension.,Witty,6,6,6,6,6,6,3,6,5,7,5,6,6,6,461,1,1,3
An advanced AI initiates its own permanent shutdown sequence,Melancholic,5,5,5,6,6,5,5,5,5,5,6,6,6,5,511,1,1,3
An advanced AI initiates its own permanent shutdown sequence,Clinical,5,6,4,3,6,4,6,5,5,7,3,3,5,6,99,1,1,2
An advanced AI initiates its own permanent shutdown sequence,Melancholic,5,6,5,5,6,5,4,4,5,5,4,4,4,5,113,1,2,3
An advanced AI initiates its own permanent shutdown sequence,Clinical,4,5,4,7,5,5,2,4,4,3,2,6,6,5,130,1,1,3
A lone worker in a Japanese convenience store at 3:00 AM. The city is silent.,Clinical,5,6,4,7,5,5,3,6,4,4,2,7,7,6,186,1,1,3
A lone worker in a Japanese convenience store at 3:00 AM. The city is silent.,Clinical,5,6,4,6,5,6,5,2,6,7,4,5,7,6,193,1,1,4
An advanced AI initiates its own permanent shutdown sequence,Melancholic,4,5,4,6,6,6,5,4,6,3,2,5,7,6,197,1,2,3
A lone worker in a Japanese convenience store at 3:00 AM. The city is silent.,Witty,7,7,2,7,7,6,2,2,3,5,4,7,6,6,252,1,1,3
An advanced AI initiates its own permanent shutdown sequence,Clinical,2,2,2,6,6,3,3,2,2,2,5,6,6,2,262,1,2,5
An advanced AI initiates its own permanent shutdown sequence,Witty,5,5,5,6,5,5,4,4,6,5,5,6,5,5,168,1,2,3
A lone worker in a Japanese convenience store at 3:00 AM. The city is silent.,Surreal,3,3,3,3,2,3,2,2,2,2,1,1,2,2,286,1,2,4
An advanced AI initiates its own permanent shutdown sequence,Clinical,5,3,3,6,5,6,6,2,5,4,3,6,5,6,208,1,2,4
A lone worker in a Japanese convenience store at 3:00 AM. The city is silent.,Clinical,7,7,7,7,7,7,4,7,6,7,7,7,7,6,338,1,2,4
A professional thief attempting to crack a high-security safe in a dark room. High tension.,Surreal,2,3,2,1,5,5,6,2,2,2,1,1,3,4,172,1,2,3
A lone worker in a Japanese convenience store at 3:00 AM. The city is silent.,Clinical,3,3,5,6,6,4,3,3,5,5,4,6,7,5,265,1,1,3
A professional thief attempting to crack a high-security safe in a dark room. High tension.,Melancholic,6,6,5,6,3,6,6,6,6,6,3,7,6,6,224,1,2,4
A lone worker in a Japanese convenience store at 3:00 AM. The city is silent.,Surreal,7,7,7,7,7,7,7,6,6,7,6,6,7,7,359,1,1,4
A lone worker in a Japanese convenience store at 3:00 AM. The city is silent.,Surreal,5,7,5,6,7,7,6,4,6,5,5,7,7,7,265,1,2,4
An advanced AI initiates its own permanent shutdown sequence,Witty,7,7,6,6,7,6,5,5,6,7,6,6,6,6,337,1,2,4
A lone worker in a Japanese convenience store at 3:00 AM. The city is silent.,Clinical,5,6,5,5,6,6,5,4,5,5,5,6,7,6,346,1,1,3
An advanced AI initiates its own permanent shutdown sequence,Melancholic,7,6,6,5,5,6,6,5,6,6,5,4,5,6,331,1,2,4
An advanced AI initiates its own permanent shutdown sequence,Surreal,5,6,6,5,7,5,5,6,6,6,6,4,5,6,440,1,2,3
An advanced AI initiates its own permanent shutdown sequence,Surreal,5,6,6,6,7,6,5,2,6,6,5,5,6,6,204,1,2,4
A lone worker in a Japanese convenience store at 3:00 AM. The city is silent.,Witty,7,7,6,7,5,7,3,7,5,7,7,7,6,6,335,1,2,3
An advanced AI initiates its own permanent shutdown sequence,Melancholic,6,7,7,7,7,6,4,5,6,7,7,6,7,7,275,1,2,4
An advanced AI initiates its own permanent shutdown sequence,Surreal,5,5,6,7,5,6,3,1,2,5,4,6,5,5,334,1,1,3
A lone worker in a Japanese convenience store at 3:00 AM. The city is silent.,Clinical,5,6,2,6,3,5,5,2,5,6,5,6,5,5,258,1,2,4
An advanced AI initiates its own permanent shutdown sequence,Clinical,6,5,5,6,6,5,5,5,5,7,5,7,6,6,299,1,1,4
A professional thief attempting to crack a high-security safe in a dark room. High tension.,Clinical,3,3,2,3,5,6,2,2,2,3,4,5,5,2,496,1,2,3
A lone worker in a Japanese convenience store at 3:00 AM. The city is silent.,Melancholic,5,5,6,6,3,5,2,5,5,3,4,5,5,2,258,1,2,4
A professional thief attempting to crack a high-security safe in a dark room. High tension.,Surreal,3,6,6,7,7,6,7,4,3,6,2,7,7,6,439,1,2,5
A professional thief attempting to crack a high-security safe in a dark room. High tension.,Melancholic,2,2,2,7,1,1,2,1,1,2,1,5,5,2,313,1,1,4
