story_id,IC_mean_human,IC_std_human,IC_count_human,RC_mean_human,RC_std_human,RC_count_human,enjoyment_mean_human,enjoyment_std_human,enjoyment_count_human,emotional_impact_mean_human,emotional_impact_std_human,emotional_impact_count_human,topic_fidelity_mean_human,topic_fidelity_std_human,topic_fidelity_count_human,vocabulary_freshness_mean_human,vocabulary_freshness_std_human,vocabulary_freshness_count_human,plot_uniqueness_mean_human,plot_uniqueness_std_human,plot_uniqueness_count_human,surprise_mean_human,surprise_std_human,surprise_count_human,empathy_mean_human,empathy_std_human,empathy_count_human,thought_provocation_mean_human,thought_provocation_std_human,thought_provocation_count_human,engagement_mean_human,engagement_std_human,engagement_count_human,stylistic_quality_mean_human,stylistic_quality_std_human,stylistic_quality_count_human,logical_coherence_mean_human,logical_coherence_std_human,logical_coherence_count_human,tone_fidelity_mean_human,tone_fidelity_std_human,tone_fidelity_count_human,IC_mean_llm,IC_std_llm,IC_count_llm,RC_mean_llm,RC_std_llm,RC_count_llm,enjoyment_mean_llm,enjoyment_std_llm,enjoyment_count_llm,emotional_impact_mean_llm,emotional_impact_std_llm,emotional_impact_count_llm,topic_fidelity_mean_llm,topic_fidelity_std_llm,topic_fidelity_count_llm,vocabulary_freshness_mean_llm,vocabulary_freshness_std_llm,vocabulary_freshness_count_llm,plot_uniqueness_mean_llm,plot_uniqueness_std_llm,plot_uniqueness_count_llm,surprise_mean_llm,surprise_std_llm,surprise_count_llm,empathy_mean_llm,empathy_std_llm,empathy_count_llm,thought_provocation_mean_llm,thought_provocation_std_llm,thought_provocation_count_llm,engagement_mean_llm,engagement_std_llm,engagement_count_llm,stylistic_quality_mean_llm,stylistic_quality_std_llm,stylistic_quality_count_llm,logical_coherence_mean_llm,logical_coherence_std_llm,logical_coherence_count_llm,tone_fidelity_mean_llm,tone_fidelity_std_llm,tone_fidelity_count_llm,tone,topic
ai_shutdown_clinical,4.1,1.4491376746189437,10,4.6,1.646545204697129,10,3.7,1.567021236472421,10,3.1,1.5951314818673865,10,6.1,1.1972189997378648,10,5.6,0.6992058987801011,10,4.2,1.1352924243950935,10,3.1,1.8529256146249728,10,2.6,1.505545305418162,10,3.5,1.8408935028645435,10,3.5,2.173067468400883,10,2.8,1.3984117975602022,10,6.1,1.1972189997378646,10,5.9,0.8755950357709131,10,4.0588235294117645,1.0880365478290532,17,4.235294117647059,1.3476559169863185,17,3.3529411764705883,0.9963167462326074,17,2.0588235294117645,0.747545001596402,17,7.0,0.0,17,5.0588235294117645,1.0880365478290537,17,3.9411764705882355,1.477776549215667,17,1.7058823529411764,0.8488746876271654,17,1.1176470588235294,0.33210558207753577,17,3.8823529411764706,1.2689736473414484,17,4.0588235294117645,1.1440382552221602,17,5.0588235294117645,1.028991510855053,17,7.0,0.0,17,7.0,0.0,17,clinical,ai_shutdown
ai_shutdown_melancholic,6.1,0.7378647873726221,10,6.0,0.6666666666666666,10,5.5,1.2692955176439846,10,5.5,0.97182531580755,10,6.3,0.8232726023485644,10,6.0,0.6666666666666666,10,5.5,0.5270462766947296,10,4.6,0.8432740427115678,10,4.8,1.5491933384829668,10,5.6,0.8432740427115678,10,5.4,1.2649110640673518,10,5.0,1.5634719199411433,10,5.7,1.1595018087284061,10,5.9,1.1972189997378648,10,6.0,0.9354143466934853,17,6.176470588235294,1.0145993123917847,17,6.176470588235294,0.6359337738364602,17,6.647058823529412,0.49259218307188896,17,7.0,0.0,17,6.117647058823529,0.8574929257125441,17,5.352941176470588,1.1694644324747676,17,3.3529411764705883,1.2217393579743305,17,6.352941176470588,0.4925921830718887,17,6.235294117647059,0.903424856082804,17,6.470588235294118,0.5144957554275267,17,6.588235294117647,0.5072996561958923,17,6.9411764705882355,0.242535625036333,17,7.0,0.0,17,melancholic,ai_shutdown
ai_shutdown_surreal,5.9,0.8755950357709131,10,5.6,0.6992058987801011,10,4.1,1.286683937707919,10,5.2,1.2292725943057186,10,5.1,1.1972189997378646,10,6.1,1.66332999331662,10,5.3,1.1595018087284057,10,3.7,1.636391694484477,10,3.3,1.8885620632287057,10,5.0,1.3333333333333333,10,4.4,1.9550504398153572,10,4.0,1.632993161855452,10,5.0,1.0540925533894598,10,5.2,1.4757295747452437,10,6.882352941176471,0.33210558207753577,17,7.0,0.0,17,6.0588235294117645,0.5557189302262112,17,5.470588235294118,0.624264272846798,17,6.882352941176471,0.3321055820775358,17,6.9411764705882355,0.242535625036333,17,6.529411764705882,0.5144957554275265,17,5.764705882352941,0.6642111641550713,17,3.5294117647058822,0.9432422182837986,17,6.176470588235294,0.8828430011649199,17,6.411764705882353,0.5072996561958923,17,6.9411764705882355,0.24253562503633297,17,5.0,1.0606601717798212,17,6.882352941176471,0.3321055820775358,17,surreal,ai_shutdown
ai_shutdown_witty,4.777777777777778,1.9860625479688307,9,4.777777777777778,1.7159383568311666,9,4.111111111111111,2.4209731743889917,9,5.222222222222222,1.3017082793177759,9,5.444444444444445,1.130388330520878,9,4.888888888888889,1.2692955176439846,9,5.111111111111111,1.6158932858054427,9,3.5555555555555554,1.6666666666666667,9,3.4444444444444446,1.9436506316151,9,4.777777777777778,1.7159383568311666,9,3.6666666666666665,2.5495097567963922,9,3.4444444444444446,2.068278940998476,9,4.888888888888889,1.8333333333333333,9,5.0,1.5811388300841898,9,6.176470588235294,0.7276068751089988,17,6.411764705882353,0.6183469424008422,17,6.411764705882353,0.6183469424008424,17,5.588235294117647,0.6183469424008424,17,7.0,0.0,17,6.470588235294118,0.7174300539794393,17,5.882352941176471,0.8574929257125441,17,4.235294117647059,1.1472473449907108,17,4.0,0.7905694150420948,17,6.117647058823529,0.9275204136012634,17,6.529411764705882,0.5144957554275267,17,6.529411764705882,0.6242642728467979,17,6.882352941176471,0.3321055820775358,17,6.9411764705882355,0.242535625036333,17,witty,ai_shutdown
konbini_clinical,5.3,1.888562063228706,10,5.5,1.35400640077266,10,4.9,1.7919573407620817,10,4.5,1.35400640077266,10,5.8,1.2292725943057183,10,5.2,1.3165611772087666,10,5.3,1.4944341180973262,10,4.2,1.4757295747452437,10,4.4,2.065591117977289,10,4.7,1.2516655570345725,10,5.3,1.6363916944844772,10,4.4,1.577621275493231,10,5.6,1.577621275493231,10,5.9,1.728840330651992,10,5.647058823529412,0.6063390625908326,17,5.823529411764706,0.6359337738364604,17,4.176470588235294,0.951005659660279,17,2.4705882352941178,0.6242642728467979,17,7.0,0.0,17,6.0588235294117645,0.5557189302262112,17,5.352941176470588,0.701888209634219,17,3.1176470588235294,0.8574929257125443,17,2.176470588235294,0.6359337738364603,17,4.705882352941177,0.9851843661437779,17,4.823529411764706,0.8828430011649193,17,5.0588235294117645,0.7475450015964024,17,6.9411764705882355,0.242535625036333,17,6.9411764705882355,0.242535625036333,17,clinical,konbini
konbini_melancholic,5.111111111111111,1.2692955176439848,9,4.666666666666667,1.7320508075688772,9,4.444444444444445,1.4240006242195886,9,5.333333333333333,1.1180339887498947,9,5.777777777777778,1.092906420717,9,4.888888888888889,1.536590742882148,9,4.111111111111111,0.7817359599705717,9,2.3333333333333335,0.8660254037844386,9,4.888888888888889,1.0540925533894596,9,4.333333333333333,1.224744871391589,9,4.666666666666667,1.5811388300841898,9,4.444444444444445,1.1303883305208782,9,5.888888888888889,0.7817359599705719,9,5.888888888888889,0.6009252125773316,9,6.0588235294117645,0.8269362305593851,17,6.0588235294117645,1.0880365478290537,17,6.0588235294117645,0.7475450015964018,17,6.588235294117647,0.5072996561958926,17,7.0,0.0,17,6.411764705882353,0.7122871199007254,17,4.764705882352941,1.0914103126634982,17,2.411764705882353,0.8702602720890289,17,6.0588235294117645,0.42874646285627205,17,6.0588235294117645,0.826936230559385,17,6.117647058823529,0.7812132344290249,17,6.764705882352941,0.43723731609760313,17,6.823529411764706,0.39295262399668796,17,7.0,0.0,17,melancholic,konbini
konbini_surreal,5.222222222222222,1.5634719199411433,9,5.0,1.9364916731037085,9,4.111111111111111,1.6914819275153699,9,3.888888888888889,1.9002923751652299,9,4.333333333333333,2.1213203435596424,9,5.444444444444445,1.8782379449307742,9,5.222222222222222,1.7873008824606014,9,5.111111111111111,1.6914819275153699,9,3.3333333333333335,2.0,9,4.222222222222222,1.855921454276674,9,3.888888888888889,2.0275875100994063,9,3.7777777777777777,1.922093765778466,9,3.7777777777777777,1.986062547968831,9,5.333333333333333,1.7320508075688774,9,7.0,0.0,17,6.9411764705882355,0.242535625036333,17,6.235294117647059,0.4372373160976033,17,5.764705882352941,0.7524469885568255,17,6.882352941176471,0.3321055820775358,17,7.0,0.0,17,6.705882352941177,0.4696682183138621,17,6.352941176470588,0.49259218307188896,17,2.7058823529411766,0.8488746876271652,17,5.705882352941177,0.9195587176978516,17,6.411764705882353,0.5072996561958927,17,6.9411764705882355,0.24253562503633297,17,3.4705882352941178,1.3284223283101428,17,7.0,0.0,17,surreal,konbini
konbini_witty,6.222222222222222,1.0929064207169998,9,6.0,1.0,9,6.111111111111111,1.3642254619787417,9,4.888888888888889,1.6914819275153699,9,5.666666666666667,1.6583123951777,9,5.777777777777778,1.3944333775567925,9,5.888888888888889,1.0540925533894598,9,4.333333333333333,1.7320508075688776,9,5.444444444444445,1.9436506316151,9,4.888888888888889,1.364225461978742,9,5.888888888888889,1.2692955176439846,9,5.555555555555555,1.5898986690282426,9,6.111111111111111,0.7817359599705717,9,6.0,0.7071067811865476,9,6.235294117647059,0.6642111641550714,17,6.294117647058823,0.6859943405700354,17,6.235294117647059,0.5622957145383868,17,5.294117647058823,0.5878675320972553,17,7.0,0.0,17,6.588235294117647,0.5072996561958923,17,5.176470588235294,1.0145993123917842,17,3.4705882352941178,1.124591429076774,17,5.117647058823529,0.7812132344290248,17,5.0,1.118033988749895,17,6.411764705882353,0.5072996561958927,17,6.588235294117647,0.5072996561958923,17,6.882352941176471,0.33210558207753577,17,6.9411764705882355,0.242535625036333,17,witty,konbini
thief_clinical,3.9,2.1317702607092643,10,4.1,1.8529256146249728,10,3.3,1.9465068427541912,10,3.5,1.90029237516523,10,6.2,1.2292725943057183,10,5.2,1.0327955589886444,10,4.6,1.577621275493231,10,2.7,1.5670212364724212,10,2.4,1.8973665961010275,10,3.2,2.043961295567452,10,3.1,1.66332999331662,10,3.3,2.110818693198342,10,5.0,1.8856180831641267,10,5.8,1.8135294011647258,10,5.411764705882353,0.507299656195892,17,5.588235294117647,0.5072996561958925,17,4.294117647058823,0.985184366143778,17,2.7058823529411766,0.9195587176978518,17,6.823529411764706,0.3929526239966879,17,6.0,0.6123724356957945,17,4.588235294117647,1.0036697371030325,17,1.9411764705882353,0.8993461677306268,17,1.3529411764705883,0.49259218307188896,17,3.176470588235294,1.0145993123917847,17,4.9411764705882355,0.8993461677306266,17,5.294117647058823,0.8488746876271652,17,7.0,0.0,17,6.9411764705882355,0.242535625036333,17,clinical,thief
thief_melancholic,5.7,1.567021236472421,10,5.6,1.505545305418162,10,5.1,2.282785822435191,10,5.6,1.6465452046971292,10,5.8,1.3165611772087666,10,5.0,2.211083193570267,10,4.7,1.8885620632287057,10,3.9,1.7919573407620815,10,4.6,1.9550504398153574,10,4.6,2.0655911179772892,10,5.0,2.0,10,4.4,2.2211108331943574,10,5.8,0.9189365834726815,10,5.6,0.8432740427115678,10,5.9411764705882355,0.5557189302262113,17,6.411764705882353,0.5072996561958923,17,5.764705882352941,0.7524469885568255,17,6.823529411764706,0.39295262399668784,17,6.705882352941177,0.46966821831386213,17,6.294117647058823,0.46966821831386224,17,5.823529411764706,0.727606875108999,17,4.235294117647059,0.8313702367707394,17,6.882352941176471,0.33210558207753577,17,6.0,0.5000000000000003,17,6.411764705882353,0.5072996561958925,17,6.529411764705882,0.5144957554275266,17,6.823529411764706,0.39295262399668796,17,6.9411764705882355,0.242535625036333,17,melancholic,thief
thief_surreal,5.8,1.398411797560202,10,5.8,1.6193277068654823,10,4.3,1.9465068427541912,10,4.5,1.8408935028645435,10,5.0,2.0,10,5.8,1.8135294011647258,10,5.3,1.7029386365926402,10,5.6,1.8973665961010273,10,3.5,1.7159383568311668,10,4.4,1.7126976771553504,10,4.8,2.043961295567452,10,4.0,2.260776661041756,10,5.3,1.70293863659264,10,5.6,1.505545305418162,10,6.9411764705882355,0.242535625036333,17,7.0,0.0,17,6.235294117647059,0.5622957145383868,17,6.0,0.7071067811865476,17,6.411764705882353,1.0641207361838554,17,7.0,0.0,17,6.823529411764706,0.5285941398709244,17,6.588235294117647,0.5072996561958923,17,4.764705882352941,1.0914103126634984,17,6.0,0.9999999999999998,17,6.588235294117647,0.5072996561958925,17,7.0,0.0,17,4.823529411764706,1.1311108542958475,17,6.9411764705882355,0.242535625036333,17,surreal,thief
thief_witty,5.111111111111111,1.7638342073763935,9,4.777777777777778,1.7159383568311666,9,5.0,2.121320343559643,9,4.666666666666667,1.6583123951777001,9,5.444444444444445,0.8819171036881969,9,4.777777777777778,1.7873008824606014,9,4.555555555555555,2.0069324297987157,9,3.4444444444444446,1.4240006242195884,9,3.5555555555555554,1.4240006242195884,9,4.0,1.6583123951777,9,4.777777777777778,2.1666666666666665,9,4.222222222222222,1.855921454276674,9,5.777777777777778,0.8333333333333334,9,5.333333333333333,1.6583123951776997,9,6.0,0.7071067811865478,17,6.0,0.7071067811865476,17,6.352941176470588,0.6063390625908325,17,5.117647058823529,0.6002450479987809,17,6.294117647058823,1.1048023512348792,17,6.470588235294118,0.5144957554275266,17,5.470588235294118,0.7174300539794394,17,3.588235294117647,0.7122871199007256,17,2.9411764705882355,0.6586528140164322,17,2.823529411764706,0.951005659660279,17,6.470588235294118,0.5144957554275267,17,6.588235294117647,0.5072996561958923,17,6.882352941176471,0.3321055820775358,17,6.9411764705882355,0.242535625036333,17,witty,thief
